<application>
  <component name="Atom Icon Selections Config">
    <option name="selectedFolderAssociations">
      <SelectedAssociations>
        <option name="iconType" value="FOLDER" />
        <option name="ownAssociations">
          <map>
            <entry key="Server">
              <value>
                <RegexAssociation>
                  <option name="matcher" value="^[\._]?(server|http|requests?|staging|qa)$" />
                  <option name="pattern" value="^[\._]?(server|http|requests?|staging|qa)$" />
                  <option name="touched" value="true" />
                  <option name="iconType" value="FOLDER" />
                  <option name="name" value="Server" />
                  <option name="icon" value="/server.svg" />
                  <option name="iconColor" />
                  <option name="folderColor" value="FF8F00" />
                  <option name="folderIconColor" value="FFECB3" />
                </RegexAssociation>
              </value>
            </entry>
          </map>
        </option>
      </SelectedAssociations>
    </option>
  </component>
</application>