<application>
  <component name="ParameterNameHintsSettings">
    <option id="java.multiple.params.same.type" value="true" />
    <option id="sql.show.column.names.for.set.operations" value="true" />
    <option id="sql.show.column.names.for.asterisk" value="true" />
    <option id="sql.show.column.names.in.insert.values" value="true" />
    <option id="sql.show.column.names.in.select" value="true" />
    <option id="java.method.name.contains.parameter.name" value="true" />
  </component>
</application>