<keymap version="1" name="Keymap" parent="$default">
  <action id="$LRU">
    <keyboard-shortcut first-keystroke="alt r" />
  </action>
  <action id="ActivateAIAssistantToolWindow">
    <keyboard-shortcut first-keystroke="alt a" />
  </action>
  <action id="ActivateDatabaseToolWindow">
    <keyboard-shortcut first-keystroke="shift alt d" />
  </action>
  <action id="ActivateTerminalToolWindow">
    <keyboard-shortcut first-keystroke="alt f12" />
    <keyboard-shortcut first-keystroke="alt t" />
  </action>
  <action id="Android.Designer.PreviousDevice" />
  <action id="Annotate">
    <keyboard-shortcut first-keystroke="shift ctrl g" />
  </action>
  <action id="Back">
    <keyboard-shortcut first-keystroke="ctrl alt left" />
    <mouse-shortcut keystroke="button4" />
    <keyboard-shortcut first-keystroke="ctrl alt comma" />
  </action>
  <action id="CloseActiveTab" />
  <action id="CloseContent">
    <keyboard-shortcut first-keystroke="ctrl f4" />
    <keyboard-shortcut first-keystroke="shift ctrl f4" />
  </action>
  <action id="Editor LRU">
    <keyboard-shortcut first-keystroke="alt r" />
  </action>
  <action id="EditorScrollLeft">
    <mouse-shortcut keystroke="shift button143" />
  </action>
  <action id="EditorScrollRight">
    <mouse-shortcut keystroke="shift button142" />
  </action>
  <action id="ExternalSystem.ProjectRefreshAction" />
  <action id="FileStructurePopup">
    <keyboard-shortcut first-keystroke="ctrl f12" />
    <keyboard-shortcut first-keystroke="shift alt f12" />
  </action>
  <action id="ForceOthersToFollowAction" />
  <action id="Forward">
    <keyboard-shortcut first-keystroke="ctrl alt right" />
    <mouse-shortcut keystroke="button5" />
    <keyboard-shortcut first-keystroke="ctrl alt period" />
  </action>
  <action id="Generate">
    <keyboard-shortcut first-keystroke="alt insert" />
    <keyboard-shortcut first-keystroke="ctrl alt insert" />
  </action>
  <action id="GotoCustomRegion" />
  <action id="Maven.Reimport">
    <keyboard-shortcut first-keystroke="shift ctrl o" />
  </action>
  <action id="MoveTabRight">
    <keyboard-shortcut first-keystroke="shift ctrl alt close_bracket" />
  </action>
  <action id="ShowPopupMenu">
    <keyboard-shortcut first-keystroke="context_menu" />
    <keyboard-shortcut first-keystroke="ctrl alt back_slash" />
  </action>
  <action id="Stop">
    <keyboard-shortcut first-keystroke="ctrl f2" />
    <keyboard-shortcut first-keystroke="alt f2" />
  </action>
  <action id="StretchSplitToLeft">
    <keyboard-shortcut first-keystroke="shift ctrl alt released left" />
  </action>
  <action id="StretchSplitToRight">
    <keyboard-shortcut first-keystroke="shift ctrl alt released right" />
  </action>
  <action id="ToggleFullScreen">
    <keyboard-shortcut first-keystroke="shift ctrl alt f11" />
  </action>
  <action id="Vcs.UpdateProject" />
  <action id="WebOpenInAction" />
  <action id="com.mnw.tabmover.actions.MoveFocusToNextWindow" />
  <action id="com.mnw.tabmover.actions.MoveFocusToPreviousWindow" />
  <action id="com.mnw.tabmover.actions.MoveTabDownAction" />
  <action id="com.mnw.tabmover.actions.MoveTabToNextSplitter">
    <keyboard-shortcut first-keystroke="shift ctrl alt page_up" />
  </action>
  <action id="com.mnw.tabmover.actions.MoveTabToNextWindow" />
  <action id="com.mnw.tabmover.actions.MoveTabToPreviousSplitter">
    <keyboard-shortcut first-keystroke="shift ctrl alt page_down" />
  </action>
  <action id="com.mnw.tabmover.actions.MoveTabToPreviousWindow" />
  <action id="com.mnw.tabmover.actions.MoveTabUpAction" />
  <action id="hg4idea.QFold" />
</keymap>